symbol,trade_date,open,high,low,close,volume,amount
000027,20230103,6.17,6.21,6.08,6.17,305234.3,187478.647
000027,20230104,6.14,6.14,6.01,6.06,236864.26,143455.304
000027,20230105,6.04,6.07,6.03,6.06,126929.55,76847.016
000027,20230106,6.05,6.11,6.03,6.08,117262.2,71297.312
000027,20230109,6.1,6.11,6.02,6.02,129359.78,78191.29
000027,20230110,6.03,6.05,6.0,6.02,88674.77,53411.807
000027,20230111,6.04,6.05,6.01,6.03,77523.55,46745.784
000027,20230112,6.01,6.04,5.99,6.01,70770.6,42565.823
000027,20230113,6.04,6.04,5.95,5.95,111343.79,66556.472
000027,20230116,5.97,6.03,5.97,6.0,105318.1,63248.026
000027,20230117,6.06,6.07,6.01,6.02,69407.78,41858.201
000027,20230118,6.03,6.06,6.02,6.04,69586.14,41987.032
000027,20230119,6.04,6.05,6.0,6.04,70569.26,42563.025
000027,20230120,6.06,6.11,6.04,6.11,125686.07,76573.019
000027,20230130,6.15,6.17,6.1,6.11,127872.27,78370.512
000027,20230131,6.11,6.2,6.08,6.19,151532.76,93342.849
000027,20230201,6.21,6.24,6.18,6.23,163283.76,101536.11
000027,20230202,6.26,6.26,6.19,6.22,133048.36,82812.328
000027,20230203,6.24,6.24,6.13,6.18,105238.57,64884.843
000027,20230206,6.18,6.22,6.14,6.19,99401.16,61470.684
000027,20230207,6.19,6.24,6.17,6.24,112914.99,70197.003
000027,20230208,6.24,6.3,6.2,6.25,142294.61,89140.615
000027,20230209,6.24,6.27,6.22,6.26,106911.12,66800.979
000027,20230210,6.25,6.34,6.23,6.31,185226.24,116620.409
000027,20230213,6.32,6.36,6.3,6.32,163217.36,103310.981
000027,20230214,6.31,6.36,6.29,6.33,128111.95,81080.206
000027,20230215,6.34,6.34,6.24,6.28,136906.87,85903.765
000027,20230216,6.29,6.3,6.12,6.17,155361.04,96886.611
000027,20230217,6.17,6.23,6.15,6.15,84382.64,52211.769
000027,20230220,6.19,6.23,6.14,6.22,99319.3,61524.235
000027,20230221,6.23,6.27,6.2,6.26,94401.92,58928.34
000027,20230222,6.25,6.27,6.21,6.24,78953.2,49304.424
000027,20230223,6.26,6.27,6.18,6.21,87319.06,54282.954
000027,20230224,6.21,6.23,6.17,6.2,63080.6,39070.815
000027,20230227,6.19,6.21,6.14,6.18,84250.76,52012.355
000027,20230228,6.17,6.23,6.16,6.23,84499.08,52333.821
000027,20230301,6.24,6.25,6.21,6.25,96086.65,59904.563
000027,20230302,6.25,6.29,6.23,6.27,108064.85,67680.892
000027,20230303,6.28,6.33,6.26,6.32,153671.95,96842.824
000027,20230306,6.32,6.42,6.29,6.39,229903.66,146137.302
000027,20230307,6.41,6.46,6.33,6.33,217051.56,139001.456
000027,20230308,6.36,6.36,6.27,6.3,125240.85,78902.357
000027,20230309,6.32,6.33,6.25,6.26,104120.87,65373.595
000027,20230310,6.24,6.25,6.19,6.2,100286.17,62342.173
000027,20230313,6.2,6.27,6.17,6.24,113041.63,70333.672
000027,20230314,6.24,6.32,6.19,6.25,138023.83,86477.85
000027,20230315,6.27,6.36,6.26,6.36,154198.24,97473.779
000027,20230316,6.35,6.4,6.25,6.31,145295.62,92163.231
000027,20230317,6.35,6.4,6.26,6.33,173204.34,110178.59
000027,20230320,6.33,6.39,6.25,6.25,127398.08,80407.088
000027,20230321,6.28,6.33,6.23,6.31,123138.54,77633.708
000027,20230322,6.31,6.33,6.26,6.31,107323.76,67507.377
000027,20230323,6.28,6.29,6.24,6.27,96093.27,60243.196
000027,20230324,6.26,6.29,6.23,6.24,104626.91,65461.534
000027,20230327,6.24,6.25,6.15,6.15,152711.04,94344.289
000027,20230328,6.18,6.19,6.12,6.13,96856.71,59470.964
000027,20230329,6.13,6.15,6.06,6.07,103618.73,63087.847
000027,20230330,6.07,6.12,6.05,6.09,100312.4,60973.391
000027,20230331,6.07,6.15,6.07,6.11,92186.91,56377.076
000027,20230403,6.12,6.17,6.08,6.15,139167.36,85117.589
000027,20230404,6.15,6.15,6.08,6.11,140741.36,85935.252
000027,20230406,6.1,6.12,6.06,6.07,95297.02,57979.514
000027,20230407,6.06,6.11,6.06,6.09,85493.75,52101.748
000027,20230410,6.1,6.15,6.08,6.14,124134.46,75965.278
000027,20230411,6.12,6.16,6.11,6.15,114514.8,70220.209
000027,20230412,6.16,6.2,6.14,6.16,96898.14,59752.59
000027,20230413,6.16,6.34,6.16,6.28,301932.76,189371.101
000027,20230414,6.29,6.34,6.24,6.32,231565.27,145795.543
000027,20230417,6.35,6.5,6.35,6.45,314924.35,202824.583
000027,20230418,6.47,6.48,6.38,6.4,179919.96,115342.754
000027,20230419,6.39,6.44,6.34,6.35,139507.73,89001.572
000027,20230420,6.44,6.44,6.32,6.38,141486.29,90031.076
000027,20230421,6.38,6.42,6.27,6.27,151700.63,96166.526
000027,20230424,6.28,6.37,6.25,6.31,168626.47,106464.863
000027,20230425,6.29,6.36,6.2,6.29,160936.47,101176.686
000027,20230426,6.3,6.4,6.25,6.36,198546.08,126102.305
000027,20230427,6.37,6.37,6.25,6.33,158715.92,100161.459
000027,20230428,6.32,6.42,6.29,6.42,229865.44,146459.535
000027,20230504,6.42,6.58,6.42,6.54,288236.05,188016.966
000027,20230505,6.6,6.68,6.54,6.64,358254.74,236706.479
000027,20230508,6.7,6.81,6.66,6.73,396107.71,266999.943
000027,20230509,6.74,6.81,6.66,6.68,384341.09,258849.833
000027,20230510,6.7,6.73,6.63,6.67,214276.77,143144.14
000027,20230511,6.67,6.93,6.65,6.9,408347.31,280206.9
000027,20230512,6.9,7.04,6.8,6.89,422189.64,292142.175
000027,20230515,6.89,6.94,6.75,6.85,357799.35,244610.165
000027,20230516,6.87,6.93,6.77,6.86,205469.14,140995.21
000027,20230517,6.85,6.86,6.75,6.83,202556.08,137813.367
000027,20230518,6.84,6.9,6.77,6.81,158149.61,107788.231
000027,20230519,6.8,6.8,6.71,6.72,155260.86,104792.183
000027,20230522,6.71,6.92,6.7,6.83,245676.43,168172.792
000027,20230523,6.85,6.87,6.7,6.71,163842.73,110863.066
000027,20230524,6.69,6.75,6.59,6.62,189954.72,126392.613
000027,20230525,6.62,6.72,6.57,6.69,155904.73,103979.22
000027,20230526,6.69,6.85,6.68,6.74,140881.85,95079.055
000027,20230529,6.74,6.98,6.69,6.94,368403.92,254331.534
000027,20230530,6.94,6.95,6.84,6.93,242220.12,166934.938
000027,20230531,6.92,7.0,6.83,6.91,223043.05,153909.3
000027,20230601,6.9,6.97,6.76,6.83,193189.76,132279.014
000027,20230602,6.86,6.91,6.78,6.82,162528.31,111092.211
000027,20230605,6.82,6.89,6.78,6.84,132651.04,90639.547
000027,20230606,6.82,6.83,6.55,6.57,231644.04,154186.457
000027,20230607,6.56,6.72,6.56,6.69,184390.18,122696.793
000027,20230608,6.68,6.69,6.57,6.65,153589.17,101731.108
000027,20230609,6.65,6.73,6.62,6.65,211277.42,141103.598
000027,20230612,6.66,6.71,6.53,6.55,214809.36,141422.297
000027,20230613,6.57,6.66,6.52,6.55,129066.79,84766.827
000027,20230614,6.56,6.57,6.43,6.43,177064.51,114675.596
000027,20230615,6.32,6.39,6.3,6.38,136465.11,86507.569
000027,20230616,6.37,6.44,6.34,6.36,153957.42,98225.322
000027,20230619,6.35,6.43,6.28,6.41,147683.6,94166.543
000027,20230620,6.42,6.42,6.34,6.36,110771.3,70579.657
000027,20230621,6.35,6.54,6.33,6.45,227837.92,147269.508
000027,20230626,6.45,6.69,6.43,6.68,452794.09,299652.01
000027,20230627,6.7,6.75,6.48,6.59,378660.44,248353.939
000027,20230628,6.54,6.78,6.52,6.78,449797.97,302128.051
000027,20230629,6.7,6.72,6.64,6.69,247067.71,165055.201
000027,20230630,6.65,6.7,6.57,6.59,240715.91,159196.186
000027,20230703,6.58,6.66,6.53,6.65,285718.96,188807.409
000027,20230704,6.63,6.65,6.51,6.53,254127.44,166789.968
000027,20230705,6.52,6.6,6.44,6.45,232322.2,151024.296
000027,20230706,6.44,6.52,6.44,6.49,148849.88,96462.01
000027,20230707,6.47,6.6,6.45,6.55,221792.33,145396.343
000027,20230710,6.63,6.75,6.58,6.63,359446.42,239490.261
000027,20230711,6.64,6.65,6.54,6.61,197912.24,130421.867
000027,20230712,6.61,6.65,6.52,6.55,192732.97,126542.958
000027,20230713,6.76,6.99,6.63,6.95,1011808.54,696869.029
000027,20230714,6.95,6.99,6.76,6.86,508935.16,348444.469
000027,20230717,6.88,6.94,6.8,6.84,263143.71,180092.341
000027,20230718,6.84,6.85,6.77,6.81,229492.43,156294.28
000027,20230719,6.81,6.88,6.79,6.81,199009.43,135908.273
000027,20230720,6.8,6.83,6.7,6.71,207940.74,140420.981
000027,20230721,6.7,6.76,6.69,6.74,120760.89,81285.023
000027,20230724,6.74,6.76,6.67,6.74,128782.68,86617.819
000027,20230725,6.77,6.8,6.68,6.75,289677.93,194733.985
000027,20230726,6.74,6.74,6.65,6.67,206426.75,137897.163
000027,20230727,6.67,6.73,6.62,6.63,232670.8,155213.867
000027,20230728,6.64,6.74,6.59,6.73,215721.69,144186.009
000027,20230731,6.73,6.88,6.72,6.87,313395.87,213709.215
000027,20230801,6.85,6.95,6.83,6.93,302061.8,208747.744
000027,20230802,6.91,6.92,6.83,6.87,180928.48,124207.701
000027,20230803,6.87,6.89,6.8,6.87,127712.47,87440.338
000027,20230804,6.92,6.95,6.84,6.88,177194.76,122072.503
000027,20230807,6.86,6.86,6.78,6.83,132103.33,90121.087
000027,20230808,6.83,6.87,6.78,6.83,145590.9,99339.033
000027,20230809,6.8,6.83,6.71,6.74,123311.44,83244.141
000027,20230810,6.74,6.78,6.71,6.78,91635.5,61961.977
000027,20230811,6.77,6.78,6.61,6.63,193709.2,129074.642
000027,20230814,6.59,6.67,6.52,6.64,129751.5,85736.669
000027,20230815,6.66,6.72,6.62,6.67,139903.08,93518.868
000027,20230816,6.67,6.67,6.58,6.65,90112.77,59777.86
000027,20230817,6.62,6.62,6.44,6.52,236486.14,153606.916
000027,20230818,6.52,6.64,6.5,6.54,155171.13,102045.05
000027,20230821,6.52,6.61,6.48,6.5,128686.96,84088.083
000027,20230822,6.55,6.55,6.42,6.48,117253.86,76006.095
000027,20230823,6.48,6.52,6.45,6.46,95332.97,61862.251
000027,20230824,6.45,6.49,6.41,6.44,137375.64,88584.063
000027,20230825,6.43,6.56,6.4,6.49,132564.94,86242.728
000027,20230828,6.82,6.92,6.71,6.76,594313.41,406781.71
000027,20230829,6.75,6.79,6.62,6.66,360635.03,240773.129
000027,20230830,6.63,6.7,6.53,6.53,229487.93,151457.174
000027,20230831,6.52,6.57,6.43,6.48,209566.25,135735.33
000027,20230901,6.46,6.49,6.42,6.46,166710.23,107594.975
000027,20230904,6.47,6.54,6.41,6.53,197114.78,127910.593
000027,20230905,6.53,6.6,6.48,6.55,129508.81,84658.571
000027,20230906,6.51,6.53,6.46,6.49,116764.98,75723.9
000027,20230907,6.47,6.48,6.33,6.34,225454.83,144115.129
000027,20230908,6.32,6.43,6.32,6.4,131778.9,84144.143
000027,20230911,6.4,6.5,6.39,6.46,169327.58,109511.769
000027,20230912,6.47,6.53,6.44,6.49,147687.72,95799.859
000027,20230913,6.47,6.54,6.45,6.48,129859.24,84242.279
000027,20230914,6.48,6.56,6.47,6.55,205656.97,134175.029
000027,20230915,6.56,6.57,6.44,6.45,148455.98,96376.759
000027,20230918,6.49,6.49,6.38,6.44,147500.65,94621.243
000027,20230919,6.42,6.47,6.4,6.46,120150.73,77497.988
000027,20230920,6.46,6.5,6.43,6.47,119501.93,77287.935
000027,20230921,6.45,6.48,6.4,6.41,107187.32,68928.916
000027,20230922,6.38,6.41,6.36,6.4,142585.57,91078.571
000027,20230925,6.41,6.45,6.35,6.39,143696.45,91983.506
000027,20230926,6.37,6.41,6.36,6.38,86712.77,55371.782
000027,20230927,6.4,6.41,6.36,6.38,97025.99,61906.258
000027,20230928,6.38,6.41,6.35,6.38,93232.2,59486.487
000027,20231009,6.37,6.39,6.34,6.37,109085.42,69414.778
000027,20231010,6.37,6.4,6.27,6.3,145853.8,92154.452
000027,20231011,6.29,6.33,6.25,6.25,108856.67,68439.758
000027,20231012,6.28,6.36,6.28,6.34,145839.16,92378.492
000027,20231013,6.34,6.36,6.28,6.3,111610.95,70527.905
000027,20231016,6.3,6.36,6.27,6.29,120606.85,75921.225
000027,20231017,6.3,6.37,6.3,6.34,129356.19,81998.586
000027,20231018,6.32,6.34,6.16,6.16,153006.4,95195.28
000027,20231019,6.17,6.18,6.08,6.09,140340.35,85955.198
000027,20231020,6.08,6.15,6.03,6.09,123016.25,75023.769
000027,20231023,6.09,6.13,5.94,5.96,140411.19,84554.762
000027,20231024,6.0,6.03,5.89,5.98,139640.0,83294.068
000027,20231025,6.04,6.09,6.02,6.05,108038.35,65440.306
000027,20231026,6.04,6.14,5.99,6.12,109881.64,66828.576
000027,20231027,6.14,6.29,6.1,6.25,175631.39,109440.839
000027,20231030,6.23,6.31,6.22,6.28,159300.68,99944.77
000027,20231031,6.26,6.29,6.15,6.18,178469.14,110712.444
000027,20231101,6.2,6.23,6.12,6.14,160334.38,98745.389
000027,20231102,6.13,6.19,6.1,6.12,112773.27,69230.614
000027,20231103,6.14,6.22,6.11,6.18,137234.06,84748.747
000027,20231106,6.24,6.26,6.2,6.23,155459.55,96746.557
000027,20231107,6.2,6.23,6.17,6.18,116430.24,72097.746
000027,20231108,6.17,6.19,6.12,6.15,103151.9,63488.881
000027,20231109,6.15,6.23,6.11,6.17,130510.63,80728.293
000027,20231110,6.16,6.2,6.08,6.16,142449.75,87290.281
000027,20231113,6.19,6.22,6.08,6.16,149313.16,91624.522
000027,20231114,6.15,6.24,6.14,6.19,120344.66,74599.354
000027,20231115,6.22,6.23,6.18,6.21,101527.52,62974.913
000027,20231116,6.2,6.2,6.15,6.16,83754.94,51688.5
000027,20231117,6.17,6.19,6.12,6.14,125795.04,77362.917
000027,20231120,6.16,6.19,6.13,6.15,117113.65,72086.31
000027,20231121,6.14,6.2,6.14,6.17,140636.3,86848.48
000027,20231122,6.15,6.19,6.13,6.16,102716.86,63333.779
000027,20231123,6.28,6.36,6.19,6.22,366501.72,229913.369
000027,20231124,6.19,6.2,6.09,6.12,280687.0,172211.695
000027,20231127,6.09,6.13,6.05,6.11,173547.32,105583.166
000027,20231128,6.09,6.15,6.06,6.14,136861.34,83620.874
000027,20231129,6.12,6.15,6.06,6.07,105371.13,64248.467
000027,20231130,6.06,6.13,6.05,6.11,107176.3,65308.096
000027,20231201,6.12,6.15,6.09,6.14,111408.26,68205.993
000027,20231204,6.13,6.16,6.1,6.14,103304.94,63319.538
000027,20231205,6.12,6.14,6.05,6.06,99093.65,60475.331
000027,20231206,6.06,6.08,5.99,6.05,112402.08,67876.537
000027,20231207,6.06,6.11,6.03,6.07,99189.04,60176.541
000027,20231208,6.09,6.18,6.08,6.14,157003.93,96483.224
000027,20231211,6.18,6.23,6.09,6.22,227151.6,140019.403
000027,20231212,6.19,6.26,6.19,6.22,150237.99,93523.072
000027,20231213,6.21,6.26,6.21,6.22,132070.13,82415.03
000027,20231214,6.23,6.28,6.19,6.26,145576.3,90853.876
000027,20231215,6.26,6.28,6.18,6.19,118960.9,74077.132
000027,20231218,6.17,6.21,6.11,6.13,102801.71,63283.694
000027,20231219,6.11,6.13,6.05,6.08,124612.83,75810.535
000027,20231220,6.1,6.17,6.08,6.08,126322.88,77335.87
000027,20231221,6.06,6.09,5.94,6.07,169532.81,101975.416
000027,20231222,6.06,6.09,6.01,6.04,117716.39,71221.389
000027,20231225,6.03,6.1,5.99,6.09,113509.48,68514.649
000027,20231226,6.07,6.09,5.99,6.03,154211.43,92880.037
000027,20231227,6.02,6.16,5.99,6.13,241757.13,146871.426
000027,20231228,6.1,6.34,6.09,6.34,393127.26,242724.511
000027,20231229,6.22,6.5,6.11,6.45,716900.4,447080.02
000027,20240102,6.29,6.42,6.28,6.31,427359.61,271131.235
000027,20240103,6.31,6.37,6.29,6.35,286064.08,181087.863
000027,20240104,6.37,6.37,6.25,6.29,253956.83,159897.433
000027,20240105,6.29,6.4,6.26,6.31,299917.83,190061.91
000027,20240108,6.31,6.34,6.2,6.2,209761.66,131064.348
000027,20240109,6.2,6.24,6.18,6.2,158404.92,98234.249
000027,20240110,6.19,6.2,6.14,6.14,172843.83,106495.312
000027,20240111,6.13,6.19,6.12,6.16,165508.27,101934.964
000027,20240112,6.15,6.29,6.15,6.27,242130.89,151268.543
000027,20240115,6.26,6.31,6.23,6.24,132307.65,82781.392
000027,20240116,6.23,6.25,6.16,6.24,154386.76,95885.219
000027,20240117,6.23,6.26,6.14,6.15,141612.0,88031.849
000027,20240118,6.12,6.14,5.88,6.05,289996.93,173685.012
000027,20240119,6.03,6.08,5.99,6.05,128713.36,77768.004
000027,20240122,6.03,6.05,5.78,5.83,191788.2,113443.77
000027,20240123,5.87,5.92,5.75,5.9,132148.52,77215.451
000027,20240124,5.89,6.07,5.87,6.06,171143.96,102181.754
000027,20240125,6.08,6.24,6.06,6.24,237019.29,146113.745
000027,20240126,6.24,6.36,6.21,6.33,287898.11,181893.091
000027,20240129,6.35,6.44,6.33,6.36,305157.12,195201.372
000027,20240130,6.33,6.4,6.28,6.28,227489.07,144449.5
000027,20240131,6.25,6.32,6.15,6.2,232747.14,145217.016
000027,20240201,6.18,6.21,6.02,6.09,230556.12,141227.628
000027,20240202,6.11,6.18,5.86,5.97,245072.36,147936.155
000027,20240205,5.97,6.1,5.75,5.91,345522.56,204322.018
000027,20240206,5.88,6.3,5.87,6.25,353977.43,216317.32
000027,20240207,6.23,6.48,6.23,6.47,493203.1,316224.061
000027,20240208,6.47,6.73,6.43,6.57,512123.09,339790.42
000027,20240219,6.58,6.59,6.43,6.48,348420.89,226108.306
000027,20240220,6.48,6.52,6.41,6.47,229135.89,148267.966
000027,20240221,6.45,6.57,6.42,6.45,273012.95,177505.467
000027,20240222,6.44,6.5,6.42,6.48,178170.41,115098.42
000027,20240223,6.48,6.5,6.42,6.48,190290.58,122895.35
000027,20240226,6.44,6.47,6.35,6.36,252056.6,161185.369
000027,20240227,6.33,6.41,6.31,6.41,183831.37,117140.823
000027,20240228,6.41,6.59,6.39,6.47,379057.28,246438.309
000027,20240229,6.44,6.59,6.41,6.59,317314.78,206973.912
000027,20240301,6.6,6.65,6.51,6.54,218055.8,143233.882
000027,20240304,6.54,6.59,6.5,6.58,210153.96,137718.963
000027,20240305,6.58,6.62,6.51,6.56,224865.6,147685.333
000027,20240306,6.57,6.63,6.52,6.59,252212.01,166303.203
000027,20240307,6.6,6.68,6.56,6.6,293347.61,194242.377
000027,20240308,6.58,6.79,6.58,6.79,412329.3,276220.596
000027,20240311,6.86,6.91,6.72,6.8,383899.03,261604.539
000027,20240312,6.79,6.8,6.63,6.66,281469.41,188362.198
000027,20240313,6.66,6.8,6.63,6.75,264449.76,177698.369
000027,20240314,6.71,6.79,6.69,6.73,179567.55,120987.391
000027,20240315,6.74,6.88,6.71,6.84,278789.79,190216.81
000027,20240318,6.87,7.02,6.84,7.01,411135.07,286637.779
000027,20240319,6.99,7.06,6.9,6.9,241234.4,167901.279
000027,20240320,6.9,6.96,6.85,6.89,184401.24,127170.989
000027,20240321,6.9,6.93,6.82,6.86,173667.64,119051.685
000027,20240322,6.83,6.86,6.73,6.75,220907.04,149568.64
000027,20240325,6.74,6.85,6.71,6.76,198167.9,134584.567
000027,20240326,6.76,6.93,6.75,6.91,239370.61,163883.666
000027,20240327,6.9,6.96,6.84,6.85,218081.05,150730.719
000027,20240328,6.84,7.0,6.77,6.93,265669.14,183865.661
000027,20240329,6.93,7.1,6.93,7.09,272672.23,191823.377
000027,20240401,7.11,7.28,7.1,7.19,340942.23,244981.424
000027,20240402,7.19,7.31,7.16,7.31,340263.27,247281.348
000027,20240403,7.29,7.32,7.18,7.29,231401.37,167826.915
000027,20240408,7.25,7.44,7.25,7.36,327088.51,240851.8
000027,20240409,7.33,7.4,7.24,7.26,308909.0,225467.639
000027,20240410,7.26,7.35,7.21,7.26,208654.67,151887.673
000027,20240411,7.23,7.44,7.19,7.38,270141.21,199102.564
000027,20240412,7.34,7.4,7.26,7.3,205449.39,150677.645
000027,20240415,7.29,7.46,7.18,7.43,355496.06,262092.833
000027,20240416,7.41,7.57,7.34,7.35,450130.89,335421.228
000027,20240417,7.34,7.46,7.31,7.46,341454.57,252303.719
000027,20240418,7.46,7.55,7.28,7.35,362316.51,267919.131
000027,20240419,7.35,7.42,7.31,7.34,273826.92,201552.047
000027,20240422,7.29,7.29,7.01,7.07,619832.79,441496.108
000027,20240423,7.04,7.09,6.88,6.91,360743.49,251052.81
000027,20240424,6.95,7.06,6.92,7.03,220091.48,153808.59
000027,20240425,7.02,7.15,7.01,7.13,225703.61,160306.531
000027,20240426,7.1,7.23,7.1,7.22,234838.51,168562.865
000027,20240429,7.2,7.22,7.07,7.2,304637.33,218093.86
000027,20240430,7.24,7.32,7.21,7.23,272441.8,197620.875
000027,20240506,7.28,7.43,7.25,7.43,359654.18,264992.75
000027,20240507,7.42,7.47,7.35,7.39,231413.62,171147.821
000027,20240508,7.41,7.43,7.3,7.32,181866.83,133800.466
000027,20240509,7.32,7.4,7.3,7.39,147725.23,108758.768
000027,20240510,7.42,7.5,7.37,7.49,237138.42,176794.682
000027,20240513,7.55,7.68,7.45,7.62,412134.52,312034.887
000027,20240514,7.56,7.62,7.48,7.55,319379.63,241491.524
000027,20240515,7.57,7.6,7.42,7.43,236947.44,177318.477
000027,20240516,7.41,7.49,7.36,7.39,201765.23,149768.572
000027,20240517,7.39,7.48,7.34,7.41,197548.61,145753.59
000027,20240520,7.44,7.55,7.4,7.49,222562.89,166751.995
000027,20240521,7.5,7.5,7.4,7.44,127453.51,94911.49
000027,20240522,7.4,7.5,7.38,7.4,127167.81,94542.134
000027,20240523,7.36,7.38,7.23,7.24,175682.71,127893.633
000027,20240524,7.21,7.47,7.21,7.34,244084.03,180267.769
000027,20240527,7.34,7.47,7.32,7.44,259362.51,192341.436
000027,20240528,7.45,7.55,7.4,7.45,276018.37,206223.699
000027,20240529,7.42,7.61,7.3,7.46,304194.23,227533.058
000027,20240530,7.44,7.53,7.3,7.34,287178.3,212565.119
000027,20240531,7.32,7.38,7.28,7.28,233317.79,170739.085
000027,20240603,7.28,7.32,7.2,7.27,233241.67,169046.917
000027,20240604,7.27,7.42,7.23,7.41,204075.82,149648.111
000027,20240605,7.41,7.44,7.25,7.26,177894.84,130575.757
000027,20240606,7.29,7.35,7.22,7.25,214403.89,155970.338
000027,20240607,7.28,7.42,7.22,7.38,243121.84,177594.408
000027,20240611,7.38,7.43,7.19,7.27,272164.8,197683.879
000027,20240612,7.23,7.37,7.17,7.3,190780.55,138872.332
000027,20240613,7.33,7.34,7.23,7.28,168215.9,122444.665
000027,20240614,7.24,7.34,7.22,7.25,248783.78,180814.125
000027,20240617,7.22,7.31,7.14,7.18,278139.22,200419.304
000027,20240618,7.1,7.14,6.97,7.13,218620.53,154367.277
000027,20240619,7.13,7.28,7.11,7.16,196667.1,141353.881
000027,20240620,7.13,7.21,7.11,7.15,143323.8,102510.416
000027,20240621,7.15,7.33,7.14,7.23,199969.23,144878.324
000027,20240624,7.2,7.24,7.0,7.03,294984.69,208434.832
000027,20240625,7.03,7.09,6.99,7.04,169278.67,119044.17
000027,20240626,7.01,7.08,6.95,7.08,158576.84,111195.57
000027,20240627,7.04,7.1,6.99,7.02,133730.69,94005.146
000027,20240628,7.03,7.42,6.99,7.3,315809.49,228822.337
000027,20240701,7.3,7.4,7.27,7.38,228672.15,167808.152
000027,20240702,7.4,7.43,7.34,7.42,200931.45,148629.442
000027,20240703,7.4,7.48,7.31,7.32,170204.8,125526.896
000027,20240704,7.35,7.37,7.23,7.25,171546.84,125130.522
000027,20240705,7.26,7.29,7.02,7.1,227491.84,161398.992
000027,20240708,7.1,7.2,7.04,7.13,202604.06,144450.74
000027,20240709,7.12,7.3,7.03,7.3,232209.37,166690.968
000027,20240710,7.25,7.27,6.98,6.99,364155.4,256973.067
000027,20240711,7.06,7.11,6.96,7.08,249481.06,175508.923
000027,20240712,7.03,7.14,7.0,7.03,158761.72,112025.201
000027,20240715,7.0,7.03,6.91,7.0,166699.72,116153.901
000027,20240716,7.0,7.02,6.94,6.97,110415.6,76937.628
000027,20240717,6.97,6.99,6.77,6.81,199021.15,136140.972
000027,20240718,6.78,6.85,6.72,6.83,140856.57,95581.326
000027,20240719,6.8,6.83,6.74,6.8,117434.52,79673.136
000027,20240722,6.79,6.82,6.66,6.7,133508.46,89605.394
000027,20240723,6.7,6.75,6.64,6.66,132692.41,88936.509
000027,20240724,6.65,6.79,6.61,6.73,160879.36,108024.955
000027,20240725,6.71,6.79,6.65,6.72,133840.8,89886.173
000027,20240726,6.73,6.79,6.71,6.76,110786.43,74884.872
000027,20240729,6.79,6.81,6.74,6.76,96707.31,65489.181
000027,20240730,6.73,6.75,6.64,6.68,133929.0,89455.402
000027,20240731,6.68,6.76,6.63,6.75,232989.32,156103.124
000027,20240801,6.74,6.79,6.65,6.66,199894.48,133923.159
000027,20240802,6.64,6.68,6.6,6.63,148261.18,98459.446
000027,20240805,6.51,6.68,6.51,6.61,173341.0,114629.7
000027,20240806,6.61,6.65,6.54,6.6,146942.88,96869.624
000027,20240807,6.6,6.71,6.6,6.67,175253.94,116731.489
000027,20240808,6.64,6.69,6.63,6.65,110477.71,73579.441
000027,20240809,6.67,6.71,6.64,6.64,96289.72,64218.194
000027,20240812,6.67,6.72,6.63,6.63,133030.29,88703.185
000027,20240813,6.62,6.7,6.62,6.68,107121.9,71421.944
000027,20240814,6.69,6.71,6.63,6.66,92475.15,61752.149
000027,20240815,6.65,6.74,6.65,6.73,110903.4,74372.021
000027,20240816,6.74,6.75,6.64,6.68,127951.09,85421.69
000027,20240819,6.67,6.72,6.64,6.66,127050.6,84791.598
000027,20240820,6.66,6.68,6.5,6.6,163100.56,107222.909
000027,20240821,6.57,6.6,6.52,6.52,85283.96,55901.708
000027,20240822,6.52,6.57,6.51,6.56,95882.0,62744.845
000027,20240823,6.18,6.18,6.0,6.04,537991.39,325501.756
000027,20240826,6.0,6.03,5.88,5.96,331131.25,196520.669
000027,20240827,5.92,5.96,5.8,5.82,225883.46,132222.964
000027,20240828,5.78,5.92,5.78,5.84,201290.64,118234.099
000027,20240829,5.82,5.83,5.77,5.8,165547.03,96042.655
000027,20240830,5.78,5.93,5.74,5.9,264217.72,154481.811
000027,20240902,5.87,5.89,5.79,5.8,195448.28,114085.392
000027,20240903,5.78,5.82,5.69,5.72,189179.31,108654.502
000027,20240904,5.7,5.76,5.67,5.69,117971.19,67439.472
000027,20240905,5.69,5.73,5.67,5.7,133277.5,75960.887
000027,20240906,5.8,5.86,5.73,5.75,266990.09,154692.408
000027,20240909,5.65,5.66,5.46,5.48,335994.61,186217.909
000027,20240910,5.51,5.57,5.42,5.51,178458.08,97911.093
000027,20240911,5.53,5.53,5.44,5.49,119015.2,65103.964
000027,20240912,5.46,5.53,5.46,5.46,146573.1,80450.099
000027,20240913,5.46,5.48,5.42,5.43,138212.8,75248.519
000027,20240918,5.42,5.47,5.34,5.44,143740.83,77744.219
000027,20240919,5.46,5.6,5.44,5.58,193554.99,107192.333
000027,20240920,5.58,5.59,5.51,5.54,127004.49,70313.256
000027,20240923,5.54,5.6,5.5,5.59,136714.36,76144.553
000027,20240924,5.6,5.8,5.6,5.79,290088.83,165790.764
000027,20240925,5.85,6.02,5.85,5.89,312072.1,185410.998
000027,20240926,5.9,6.09,5.83,6.08,283758.64,169006.22
000027,20240927,6.18,6.41,6.15,6.35,430862.14,269815.793
000027,20240930,6.69,6.99,6.56,6.99,795940.32,544012.49
000027,20241008,7.69,7.69,7.32,7.69,1204958.39,917426.355
000027,20241009,7.61,7.82,7.14,7.16,1012915.84,758264.197
000027,20241010,7.7,7.7,7.18,7.31,894441.26,664583.189
000027,20241011,7.25,7.28,6.8,6.9,619315.37,433958.802
000027,20241014,6.92,6.96,6.67,6.8,591268.01,401367.915
000027,20241015,6.8,6.8,6.56,6.58,418242.43,279654.145
000027,20241016,6.5,6.67,6.44,6.56,304380.62,199822.428
000027,20241017,6.59,6.66,6.48,6.49,281929.61,185238.326
000027,20241018,6.49,6.75,6.38,6.62,493628.57,324207.794
000027,20241021,6.64,6.69,6.57,6.62,346632.44,229568.735
000027,20241022,6.62,6.73,6.58,6.73,302919.16,201705.848
000027,20241023,6.73,6.79,6.68,6.72,341773.59,229966.047
000027,20241024,6.7,6.72,6.64,6.68,194341.17,129592.802
000027,20241025,6.82,7.06,6.78,7.02,781238.44,539518.876
000027,20241028,7.1,7.14,6.86,6.96,668775.28,464754.846
000027,20241029,6.96,7.02,6.76,6.78,451894.08,310022.582
000027,20241030,6.75,6.84,6.72,6.8,310152.51,210442.642
000027,20241031,6.77,6.83,6.63,6.67,546625.37,365935.312
000027,20241101,6.66,6.72,6.57,6.64,371866.06,247317.948
000027,20241104,6.63,6.67,6.62,6.67,236483.04,157165.712
000027,20241105,6.66,6.77,6.62,6.76,389567.86,261999.693
000027,20241106,6.78,6.82,6.7,6.72,397651.87,268549.869
000027,20241107,6.66,6.93,6.65,6.93,511319.15,349636.063
000027,20241108,6.99,7.13,6.82,6.86,587404.44,409449.529
000027,20241111,6.88,6.93,6.78,6.88,370953.15,253708.491
000027,20241112,6.88,7.01,6.86,6.93,477941.97,331379.854
000027,20241113,6.89,6.96,6.8,6.88,283560.2,194708.079
000027,20241114,6.87,6.89,6.71,6.74,259280.96,176030.552
000027,20241115,6.71,6.75,6.61,6.62,250811.96,167625.65
000027,20241118,6.66,6.92,6.66,6.84,532700.45,364386.504
000027,20241119,6.84,6.88,6.69,6.8,360413.46,243599.311
000027,20241120,6.78,6.8,6.7,6.79,231921.12,156668.45
000027,20241121,6.79,6.83,6.7,6.74,192832.69,129837.346
000027,20241122,6.73,6.77,6.52,6.52,284948.74,189299.057
000027,20241125,6.53,6.54,6.43,6.51,196747.43,127683.816
000027,20241126,6.51,6.53,6.43,6.46,143284.45,92740.626
000027,20241127,6.41,6.52,6.34,6.52,186411.18,119869.309
000027,20241128,6.54,6.7,6.53,6.63,282859.7,187954.958
000027,20241129,6.61,6.65,6.55,6.62,230037.55,151971.653
000027,20241202,6.61,6.69,6.59,6.67,188256.39,125198.523
000027,20241203,6.7,6.7,6.62,6.69,207236.58,138061.096
000027,20241204,6.65,6.67,6.6,6.63,175550.46,116532.634
000027,20241205,6.63,6.65,6.6,6.64,124677.34,82614.581
000027,20241206,6.63,6.75,6.63,6.72,287198.86,192384.067
000027,20241209,6.72,6.76,6.65,6.69,182961.4,122755.21
000027,20241210,6.83,6.83,6.64,6.66,275448.4,185242.731
000027,20241211,6.66,6.72,6.64,6.69,153340.1,102474.558
000027,20241212,6.69,6.73,6.65,6.72,172436.26,115463.924
000027,20241213,6.71,6.72,6.56,6.56,275850.78,182350.377
000027,20241216,6.56,6.65,6.55,6.6,153922.23,101707.448
000027,20241217,6.6,6.63,6.53,6.58,156197.36,102806.495
000027,20241218,6.59,6.74,6.59,6.61,267766.21,178705.35
000027,20241219,6.59,6.6,6.47,6.55,207179.31,135274.827
000027,20241220,6.55,6.58,6.49,6.5,146277.38,95261.55
000027,20241223,6.5,6.55,6.46,6.46,146657.11,95378.016
000027,20241224,6.47,6.57,6.46,6.57,156572.37,102334.013
000027,20241225,6.57,6.6,6.51,6.57,119528.7,78231.727
000027,20241226,6.56,6.58,6.5,6.51,113549.0,74083.102
000027,20241227,6.51,6.58,6.48,6.57,173470.04,113565.453
000027,20241230,6.72,6.79,6.58,6.61,487776.6,325860.904
000027,20241231,6.58,6.69,6.46,6.48,329396.46,215973.455
000027,20250102,6.46,6.48,6.25,6.28,263295.24,167731.26
000027,20250103,6.29,6.36,6.21,6.24,163687.74,102772.209
000027,20250106,6.24,6.26,6.18,6.23,118430.92,73611.681
000027,20250107,6.23,6.23,6.13,6.19,116213.54,71737.2
000027,20250108,6.17,6.18,6.02,6.12,173422.95,105803.05
000027,20250109,6.1,6.11,6.05,6.07,93918.29,57099.328
000027,20250110,6.07,6.1,5.99,6.01,115730.21,70099.838
000027,20250113,5.97,6.02,5.95,6.02,99131.08,59369.545
000027,20250114,6.02,6.18,5.99,6.17,138838.03,84848.733
000027,20250115,6.18,6.21,6.13,6.14,94411.83,58096.225
000027,20250116,6.17,6.22,6.14,6.16,104139.9,64343.084
000027,20250117,6.16,6.18,6.12,6.16,65197.46,40154.77
000027,20250120,6.19,6.22,6.15,6.16,70917.37,43843.155
000027,20250121,6.18,6.19,6.11,6.14,63052.18,38697.644
000027,20250122,6.14,6.15,6.06,6.12,65698.37,40078.692
000027,20250123,6.18,6.25,6.11,6.11,134365.63,83015.943
000027,20250124,6.12,6.15,6.08,6.11,106479.33,65135.774
000027,20250127,6.13,6.21,6.11,6.13,118427.07,72963.072
000027,20250205,6.17,6.18,6.06,6.1,112089.25,68415.474
000027,20250206,6.09,6.17,6.07,6.16,114314.43,70021.399
000027,20250207,6.16,6.28,6.13,6.24,198395.24,123469.9
000027,20250210,6.26,6.28,6.21,6.23,120034.55,74829.42
000027,20250211,6.26,6.26,6.18,6.24,115342.34,71661.332
000027,20250212,6.22,6.26,6.2,6.24,88817.37,55332.134
000027,20250213,6.26,6.27,6.2,6.2,109545.2,68249.735
000027,20250214,6.2,6.22,6.17,6.19,99085.49,61346.778
000027,20250217,6.22,6.27,6.16,6.25,177247.52,110295.221
000027,20250218,6.26,6.29,6.18,6.21,138948.0,86783.469
000027,20250219,6.21,6.21,6.14,6.18,162027.01,100055.05
000027,20250220,6.19,6.19,6.11,6.14,136301.7,83709.843
000027,20250221,6.14,6.18,6.12,6.17,128873.44,79322.427
000027,20250224,6.19,6.29,6.17,6.24,212448.67,132332.484
000027,20250225,6.21,6.26,6.16,6.2,132555.56,82371.38
000027,20250226,6.22,6.29,6.2,6.29,201881.67,126422.677
000027,20250227,6.3,6.31,6.23,6.28,157841.32,98868.388
000027,20250228,6.3,6.33,6.22,6.23,175802.07,110367.735
000027,20250303,6.24,6.26,6.19,6.21,147348.85,91690.909
000027,20250304,6.2,6.22,6.18,6.21,118508.69,73445.331
000027,20250305,6.21,6.22,6.15,6.18,111614.9,68882.099
000027,20250306,6.19,6.21,6.15,6.19,167949.14,103935.93
000027,20250307,6.19,6.22,6.16,6.18,117171.04,72564.542
000027,20250310,6.19,6.21,6.15,6.17,99791.43,61569.063
000027,20250311,6.15,6.21,6.12,6.21,118671.09,73247.072
000027,20250312,6.23,6.31,6.22,6.28,217381.53,136132.776
000027,20250313,6.27,6.33,6.26,6.33,191407.74,120548.061
000027,20250314,6.33,6.36,6.3,6.35,238001.78,150686.257
000027,20250317,6.35,6.38,6.33,6.35,179327.97,114016.554
000027,20250318,6.36,6.37,6.3,6.34,133209.52,84288.933
000027,20250319,6.34,6.41,6.31,6.38,179120.59,114079.5
000027,20250320,6.36,6.4,6.34,6.37,122492.48,78031.765
000027,20250321,6.35,6.45,6.34,6.38,199050.43,127475.321
000027,20250324,6.39,6.45,6.35,6.42,174427.03,111665.829
000027,20250325,6.44,6.52,6.4,6.5,252283.75,163431.341
000027,20250326,6.51,6.53,6.41,6.44,198757.39,128065.516
000027,20250327,6.46,6.47,6.35,6.37,144175.98,92158.611
000027,20250328,6.37,6.4,6.33,6.36,112246.94,71432.946
000027,20250331,6.33,6.42,6.31,6.34,135108.52,85939.288
000027,20250401,6.34,6.46,6.33,6.45,173490.58,111488.315
000027,20250402,6.45,6.45,6.37,6.4,116705.42,74708.671
000027,20250403,6.37,6.46,6.36,6.43,118659.9,76154.576
000027,20250407,6.28,6.28,5.79,5.94,385584.39,232754.886
000027,20250408,5.93,6.2,5.92,6.18,281373.34,172147.207
000027,20250409,6.13,6.16,6.0,6.15,244686.94,148956.446
000027,20250410,6.18,6.21,6.12,6.14,189114.2,116569.267
000027,20250411,6.12,6.15,6.06,6.08,136205.61,83054.015
000027,20250414,6.15,6.15,6.1,6.14,130898.35,80260.775
000027,20250415,6.14,6.19,6.12,6.18,121773.94,74864.903
000027,20250416,6.16,6.21,6.11,6.17,135275.12,83314.53
000027,20250417,6.15,6.18,6.13,6.14,98798.14,60770.763
000027,20250418,6.14,6.15,6.1,6.14,101844.92,62348.346
000027,20250421,6.14,6.16,6.13,6.15,87331.6,53677.272
000027,20250422,6.15,6.17,6.13,6.15,120732.84,74186.838
000027,20250423,6.16,6.16,6.1,6.14,121530.16,74447.657
000027,20250424,6.13,6.22,6.12,6.2,207974.68,128539.495
000027,20250425,6.21,6.3,6.2,6.28,229288.4,143427.422
000027,20250428,6.3,6.36,6.22,6.33,228002.27,143452.914
000027,20250429,6.3,6.31,6.19,6.23,207224.92,129085.43
000027,20250430,6.31,6.49,6.31,6.4,397753.12,255470.198
000027,20250506,6.4,6.55,6.36,6.52,315083.61,204079.232
000027,20250507,6.52,6.56,6.47,6.49,205771.91,133849.98
000027,20250508,6.5,6.5,6.43,6.47,227188.58,146852.948
000027,20250509,6.46,6.64,6.45,6.59,351713.59,230854.866
000027,20250512,6.6,6.6,6.52,6.55,220198.76,144154.729
000027,20250513,6.59,6.59,6.5,6.52,174894.19,114078.933
000027,20250514,6.52,6.54,6.45,6.52,192002.31,124689.721
000027,20250515,6.51,6.57,6.49,6.49,184942.93,120660.653
000027,20250516,6.48,6.51,6.43,6.44,162073.43,104668.72
000027,20250519,6.46,6.5,6.42,6.5,151167.71,97877.978
000027,20250520,6.49,6.53,6.47,6.51,131523.95,85513.359
000027,20250521,6.51,6.58,6.5,6.55,168670.92,110522.661
000027,20250522,6.54,6.54,6.47,6.48,143961.32,93514.35
000027,20250523,6.47,6.5,6.41,6.41,142302.49,91834.028
000027,20250526,6.4,6.45,6.38,6.42,113133.26,72546.916
000027,20250527,6.41,6.45,6.4,6.43,106851.05,68661.365
000027,20250528,6.43,6.49,6.42,6.46,121579.16,78436.004
000027,20250529,6.47,6.53,6.45,6.52,162570.64,105643.045
000027,20250530,6.59,6.65,6.5,6.5,524646.38,343431.381
000027,20250603,6.52,6.52,6.37,6.38,287976.82,184271.85
000027,20250604,6.39,6.41,6.38,6.38,142951.98,91353.659
000027,20250605,6.4,6.43,6.35,6.38,156490.11,99914.621
000027,20250606,6.38,6.44,6.36,6.42,146560.29,93910.076
000027,20250609,6.44,6.46,6.39,6.44,144230.14,92571.163
000027,20250610,6.45,6.57,6.43,6.51,310654.82,201835.445
000027,20250611,6.52,6.57,6.49,6.55,171327.66,111989.44
000027,20250612,6.54,6.57,6.5,6.54,143660.67,93694.246
000027,20250613,6.41,6.43,6.37,6.39,222500.82,142441.373
000027,20250616,6.41,6.42,6.31,6.36,201201.88,127819.885
000027,20250617,6.35,6.42,6.33,6.41,164897.14,105130.515
000027,20250618,6.41,6.43,6.36,6.38,142336.68,90985.769
000027,20250619,6.38,6.38,6.24,6.33,190475.34,120141.401
000027,20250620,6.32,6.35,6.28,6.3,117227.6,73928.976
000027,20250623,6.29,6.31,6.24,6.28,165191.05,103624.842
000027,20250624,6.28,6.34,6.26,6.33,153009.64,96603.5
000027,20250625,6.34,6.43,6.31,6.43,201342.3,128508.922
000027,20250626,6.46,6.55,6.42,6.44,284822.58,184521.835
000027,20250627,6.47,6.5,6.4,6.41,169474.3,109098.112
000027,20250630,6.42,6.44,6.35,6.38,204405.1,130492.498
000027,20250701,6.4,6.46,6.38,6.42,198705.07,127674.292
000027,20250702,6.43,6.47,6.4,6.46,212316.36,136666.709
000027,20250703,6.46,6.46,6.4,6.44,162157.12,104278.798
000027,20250704,6.44,6.51,6.43,6.47,261099.83,169304.459
000027,20250707,6.54,6.6,6.5,6.59,493627.51,323738.796
000027,20250708,6.6,6.67,6.53,6.66,472704.77,312004.667
000027,20250709,6.65,6.77,6.62,6.68,428959.91,288354.595
000027,20250710,6.69,6.75,6.66,6.68,254307.72,170236.673
000027,20250711,6.69,6.69,6.62,6.65,247365.63,164664.555
000027,20250714,6.65,6.79,6.63,6.76,322732.59,217742.148
000027,20250715,6.75,6.75,6.61,6.62,255710.63,170279.141
000027,20250716,6.62,6.65,6.53,6.56,199546.0,131324.617
000027,20250717,6.56,6.58,6.51,6.55,213113.53,139321.798
000027,20250718,6.55,6.63,6.53,6.62,224573.13,147754.093
000027,20250721,6.64,6.69,6.63,6.68,256934.4,171241.857
000027,20250722,6.7,6.76,6.64,6.75,337354.97,226266.184
000027,20250723,6.77,6.78,6.7,6.71,258782.02,174382.27
000027,20250724,6.73,6.76,6.66,6.76,238086.94,160088.928
000027,20250725,6.76,6.78,6.68,6.69,178941.81,120426.224
000027,20250728,6.71,6.72,6.65,6.67,159488.2,106376.802
000027,20250729,6.66,6.68,6.61,6.65,147967.05,98211.328
000027,20250730,6.64,6.73,6.64,6.68,208830.38,139763.449
000027,20250731,6.66,6.67,6.49,6.51,278038.11,181968.976
000027,20250801,6.49,6.59,6.49,6.53,191467.71,125473.532
000027,20250804,6.52,6.56,6.5,6.55,149851.64,97807.289
000027,20250805,6.54,6.58,6.53,6.57,140002.26,91764.15
000027,20250806,6.56,6.61,6.55,6.59,157683.19,103659.11
000027,20250807,6.59,6.6,6.54,6.57,117890.98,77412.755
000027,20250808,6.56,6.75,6.56,6.73,423698.12,283577.286
000027,20250811,6.74,6.79,6.64,6.68,266993.63,178682.482
000027,20250812,6.68,6.7,6.65,6.66,162324.16,108214.082
000027,20250813,6.67,6.79,6.64,6.73,292514.06,196409.923
000027,20250814,6.75,6.8,6.66,6.68,236476.73,159074.424
000027,20250815,6.66,6.9,6.63,6.9,520946.36,355869.024
000027,20250818,6.93,7.1,6.93,6.97,474349.37,332084.729
000027,20250819,6.96,6.99,6.87,6.89,282999.7,195874.105
000027,20250820,6.89,6.91,6.84,6.9,216830.56,148941.506
000027,20250821,6.88,6.95,6.87,6.92,223468.75,154609.823
000027,20250822,6.9,6.94,6.83,6.93,253519.07,174342.523
000027,20250825,6.95,6.99,6.92,6.97,304557.02,211904.514
000027,20250826,7.2,7.29,6.99,7.05,747484.96,529847.364
000027,20250827,7.0,7.09,6.91,6.93,551891.54,387259.218
000027,20250828,6.72,6.73,6.51,6.67,925825.43,614907.767
000027,20250829,6.66,6.75,6.61,6.62,443261.63,295513.023
000027,20250901,6.63,6.64,6.52,6.58,317067.27,208286.28
000027,20250902,6.58,6.59,6.49,6.53,339085.53,221774.084
000027,20250903,6.54,6.55,6.41,6.42,294594.9,190172.343
000027,20250904,6.42,6.44,6.36,6.42,270855.51,173349.266
000027,20250905,6.42,6.51,6.38,6.5,272062.09,175164.735
000027,20250908,6.52,6.66,6.51,6.62,378575.9,250358.04
000027,20250909,6.61,6.65,6.56,6.59,200881.67,132522.369
000027,20250910,6.57,6.6,6.5,6.53,167149.54,109167.762
000027,20250911,6.51,6.59,6.5,6.59,205457.14,134470.656
000027,20250912,6.59,6.6,6.54,6.55,186337.28,122372.085
000027,20250915,6.54,6.56,6.5,6.52,145495.53,94833.775
000027,20250916,6.51,6.53,6.42,6.45,213371.1,137799.928
000027,20250917,6.45,6.53,6.43,6.53,237010.42,153790.175
000027,20250918,6.53,6.53,6.4,6.43,240291.24,155246.608
000027,20250919,6.42,6.46,6.4,6.43,156882.48,100806.873
000027,20250922,6.45,6.53,6.4,6.51,248308.26,160732.063
000027,20250923,6.52,6.76,6.5,6.7,719598.23,477737.491
000027,20250924,6.75,6.8,6.6,6.66,490888.14,327979.396
000027,20250925,6.64,6.7,6.57,6.62,301583.47,199820.421
000027,20250926,6.6,6.69,6.58,6.62,220022.96,146030.888
000027,20250929,6.62,6.73,6.57,6.72,343604.74,229064.709
000027,20250930,6.69,6.72,6.62,6.64,269345.5,179253.446
000027,20251009,6.69,6.96,6.69,6.88,653791.09,448390.86
000027,20251010,6.88,6.95,6.83,6.89,406217.5,280065.683
000027,20251013,6.76,6.93,6.73,6.92,425954.51,290720.734
000027,20251014,6.91,6.97,6.84,6.87,355021.81,245006.128
000027,20251015,6.87,6.89,6.78,6.88,327585.72,224011.228
000027,20251016,6.88,6.88,6.79,6.82,231391.06,158117.722
000027,20251017,6.83,6.85,6.69,6.71,285570.68,193056.369
000027,20251020,6.74,6.79,6.68,6.78,328387.69,221466.828
000027,20251021,6.81,6.9,6.78,6.89,311272.49,213711.894
000027,20251022,6.89,6.9,6.8,6.83,233004.58,159442.537
000027,20251023,7.04,7.51,6.96,7.51,1768415.16,1288371.488
000027,20251024,7.68,7.74,7.19,7.25,2130112.69,1571254.279
000027,20251027,7.2,7.45,7.13,7.25,1329429.83,964524.669
000027,20251028,7.21,7.22,7.04,7.07,844353.75,599677.611
000027,20251029,7.1,7.26,7.03,7.21,826015.4,590660.42
000027,20251030,7.18,7.38,7.15,7.31,904537.51,657764.643
000027,20251031,7.18,7.18,7.01,7.03,842577.74,596320.69
000027,20251103,7.05,7.13,7.03,7.12,402675.85,284851.133
000027,20251104,7.1,7.16,7.03,7.08,322595.53,228667.191
000027,20251105,7.04,7.13,6.97,7.09,380171.94,268791.119
000027,20251106,7.08,7.24,7.07,7.16,474495.84,340643.039
000027,20251107,7.15,7.23,7.07,7.11,430965.35,308150.275
000027,20251110,7.13,7.18,7.1,7.15,396041.13,282697.537
000027,20251111,7.15,7.17,7.07,7.09,335444.52,238278.219
000027,20251112,7.07,7.09,6.98,7.02,342633.55,240548.377
000027,20251113,7.01,7.03,6.94,7.02,329615.4,230274.689
000027,20251114,6.98,7.04,6.98,6.99,255447.15,178853.215
000027,20251117,6.97,6.98,6.85,6.9,298080.55,205561.625
000027,20251118,6.9,6.9,6.77,6.82,273483.31,186622.644
000027,20251119,6.81,6.84,6.75,6.77,164955.03,111841.773
000027,20251120,6.78,6.83,6.75,6.77,176848.44,120184.943
000027,20251121,6.74,6.74,6.55,6.55,317690.75,210809.704
000027,20251124,6.55,6.6,6.52,6.53,200469.75,131367.366
000027,20251125,6.56,6.64,6.54,6.6,172504.99,113834.058
000027,20251126,6.6,6.64,6.59,6.59,147549.08,97609.433
000027,20251127,6.59,6.69,6.58,6.65,182810.41,121693.734
000027,20251128,6.66,6.67,6.61,6.66,94210.06,62591.986
000027,20251201,6.67,6.69,6.65,6.68,124586.07,83175.47
000027,20251202,6.67,6.68,6.63,6.67,108558.92,72313.405
000027,20251203,6.68,6.7,6.65,6.67,114160.6,76186.875
000027,20251204,6.67,6.68,6.61,6.66,113224.67,75167.648
000027,20251205,6.65,6.66,6.6,6.64,159744.63,105900.807
000027,20251208,6.67,6.68,6.62,6.63,152906.53,101487.576
000027,20251209,6.63,6.64,6.54,6.54,157761.65,103894.876
000027,20251210,6.54,6.58,6.49,6.57,159426.26,104112.036
000027,20251211,6.57,6.62,6.54,6.55,119900.74,78935.541
000027,20251212,6.55,6.62,6.54,6.6,135701.29,89489.237
000027,20251215,6.6,6.68,6.59,6.65,150028.75,99732.91
000027,20251216,6.66,6.67,6.5,6.53,173174.03,113362.307
000027,20251217,6.51,6.58,6.46,6.56,150660.85,98135.142
000027,20251218,6.55,6.58,6.52,6.57,91920.8,60264.517
000027,20251219,6.57,6.62,6.55,6.58,117966.06,77754.733
000027,20251222,6.59,6.63,6.58,6.59,107952.57,71296.377
000027,20251223,6.59,6.66,6.55,6.57,118274.32,78021.648
000027,20251224,6.56,6.62,6.54,6.6,130566.38,85940.733
000027,20251225,6.6,6.63,6.58,6.62,120822.01,79897.581
000027,20251226,6.62,6.68,6.61,6.66,210004.02,139707.222
000027,20251229,6.76,6.81,6.63,6.64,286192.22,191689.26
000027,20251230,6.64,6.64,6.55,6.57,188737.61,124253.928
000027,20251231,6.57,6.58,6.52,6.52,159917.7,104589.009
000027,20260105,6.53,6.57,6.52,6.56,167421.19,109578.312
000027,20260106,6.56,6.65,6.54,6.64,200187.9,132470.414
000027,20260107,6.64,6.66,6.6,6.61,179194.15,118855.58
000027,20260108,6.6,6.66,6.58,6.64,184732.02,122448.512
000027,20260109,6.64,6.69,6.63,6.69,231909.48,154582.192
000027,20260112,6.69,6.71,6.66,6.71,282731.3,188976.73
000027,20260113,6.71,6.78,6.68,6.74,304883.6,204868.339
000027,20260114,6.75,7.19,6.67,7.05,912988.27,629982.545
000027,20260115,6.96,7.06,6.86,6.97,575688.62,398962.054
000027,20260116,7.02,7.16,6.97,7.01,528514.46,372140.632
000027,20260119,6.97,7.04,6.95,6.99,302241.85,211624.797
000027,20260120,7.0,7.03,6.89,6.98,344248.99,239466.883
000027,20260121,6.96,7.0,6.92,6.94,252521.79,175368.084
000027,20260122,6.95,6.97,6.91,6.94,201613.32,139828.937
000027,20260123,6.93,6.95,6.9,6.95,262841.4,182014.45
000027,20260126,6.95,6.98,6.85,6.9,365510.8,252933.231
000027,20260127,6.89,6.89,6.72,6.8,294702.23,199951.519
000027,20260128,6.8,6.89,6.76,6.85,282075.89,192705.321
000027,20260129,6.84,6.85,6.77,6.82,241410.38,164467.592
000027,20260130,6.81,6.85,6.66,6.8,270621.54,183011.142
000027,20260202,6.79,6.82,6.61,6.63,264305.36,177693.689
000027,20260203,6.67,6.7,6.62,6.68,202820.52,135194.157
000027,20260204,6.68,6.8,6.67,6.79,239144.38,161690.069
000027,20260205,6.79,6.79,6.65,6.7,202098.46,135466.218
000027,20260206,6.66,6.77,6.64,6.72,184861.94,124416.358
000027,20260209,6.75,6.82,6.74,6.77,154711.82,104852.233
000027,20260210,6.78,6.78,6.68,6.69,183560.08,123331.293
000027,20260211,6.69,6.75,6.69,6.71,138305.76,92916.509
000027,20260212,6.74,6.79,6.68,6.74,197091.91,132999.409
000027,20260213,6.74,6.74,6.6,6.61,256056.28,170556.331
000027,20260224,6.66,6.76,6.65,6.74,263602.21,177356.149
000027,20260225,6.75,6.89,6.74,6.85,302911.97,207285.34
